Commodity,Month,Year,Weather Condition (Â°C),Diesel Price,Inflation Rate (%),Demand Index,Adjusted Retail Price,Transportation Costs,Inventory Levels,Lead Time (Days),Order Fulfillment Rate (%),Supply Chain Disruptions,Logistics Efficiency,New Adjusted Retail Price
Rice,Jan,2022,33.19372461,87.60729384,5.847755362,105.4776206,42.5845,29.133702893976363,871.3326830611877,9,94.07260471952135,None,0.8096052439379583,62.42679168970755
Rice,Feb,2022,17.35113051,77.05630351,7.104075615,95.28936725,40.733,24.222557565629593,1337.7804707085188,5,86.29457281652014,None,0.8173694812765965,58.20099414285591
Rice,Mar,2022,27.74062857,73.73534783,8.846708558,104.948575,37.03,19.704417322333498,1357.0979885040006,4,92.93202941643632,Major,0.8658116814848635,55.14715429966235
Rice,Apr,2022,18.00743086,65.71271445,8.312007071,109.9453184,40.733,25.959942950977887,1245.141997062226,8,85.46352117135478,None,0.7666471069654296,58.832883428440226
Rice,May,2022,33.94617767,85.55300528,3.041299801,119.7713104,42.5845,33.02149016517807,797.7366903975363,2,87.9837176932206,None,0.883114693577465,63.2117500548787
Rice,Jun,2022,25.31523311,76.17793924,3.988177431,82.30604671,37.03,29.8379443797243,880.2846966134263,6,87.30050375850385,Minor,0.7415372566305866,55.792139591535424
Rice,Jul,2022,16.43640723,81.96727413,6.375084109,97.03800802,40.733,29.226456105272476,860.4281351666912,7,81.14732154392952,None,0.7406515408772544,59.677418108319614
Rice,Aug,2022,24.17991816,69.07136304,9.141137494,93.70940539,35.1785,24.103466434353624,991.4339600414323,4,80.91344592236251,None,0.8469676895717994,51.38890359394151
Rice,Sep,2022,30.13112995,61.60227874,7.866963446,111.4555472,42.5845,43.578061023714355,1889.5307549558206,2,89.64959053640884,None,0.6098267269154924,64.99907816716103
Rice,Oct,2022,18.86480119,75.48614403,8.90489949,84.90903205,40.733,34.97324846444928,1731.1353866644315,2,82.6335317707116,Minor,0.9286172561260975,62.106179429036395
Rice,Nov,2022,17.05780886,63.80481328,6.126834782,116.0795214,40.733,18.467489992485365,1589.9279136021717,9,98.7220230762924,Minor,0.7710585954383445,57.26504242643862
Rice,Dec,2022,29.02038486,79.16635839,9.556250389,97.49992616,37.03,26.151877210824573,1594.2869692276283,8,88.15577658058054,Major,0.9083847590589982,57.58443819706818
Wheat,Jan,2022,16.97580959,86.34935016,5.726094194,97.68791478,33.165,34.55457488101011,558.0427064982607,9,85.25703902704466,Major,0.8750504585257632,55.21187932724464
Wheat,Feb,2022,15.21660286,86.46246004,7.353027151,100.6967277,33.165,17.32437120827324,1067.3725856579028,4,99.13369635145148,Major,0.7235541147686674,48.95932961150786
Wheat,Mar,2022,24.46928774,81.42632127,9.941233998,116.7615541,28.6425,23.447808496721812,1749.058410468405,5,94.78091654343355,Major,0.769955187062584,45.01910888628201
Wheat,Apr,2022,23.32490112,83.46453531,9.574381794,113.7168712,28.6425,15.821175363416842,1083.102073970151,8,89.10201901835553,Major,0.8924947860399711,43.506775913673536
Wheat,May,2022,18.78752577,71.624195,6.994867697,99.11393312,33.165,26.384338211001143,1596.285772734344,3,87.40680698427343,Minor,0.9155522778468673,50.10080864870902
Wheat,Jun,2022,20.9031468,74.97473483,8.393401066,111.2581228,28.6425,16.661594868565995,829.73954483987,6,93.0051046206845,Minor,0.630144151688563,41.14544109500681
Wheat,Jul,2022,24.88022956,87.80071152,9.574646354,119.7620599,28.6425,11.810594323397336,580.0885550120613,6,94.42386148028233,Minor,0.8200995039868835,40.28627888253165
Wheat,Aug,2022,24.30048002,80.48055622,3.820447339,109.586887,28.6425,32.62681602193289,1630.1025697475561,9,84.31950174526958,Major,0.6944080089339353,47.96452418483728
Wheat,Sep,2022,18.84619271,64.7679238,9.471587302,111.0416906,33.165,35.64396550001466,906.5890520410574,5,87.99137625035577,None,0.76169799456618,52.20978030295046
Wheat,Oct,2022,27.58768703,65.28715152,9.32202545,95.75094707,30.15,37.128394383822084,999.1119743043442,6,83.46930368548252,None,0.725001833044232,48.92228040244234
Wheat,Nov,2022,33.58573118,70.01690714,4.496282411,101.1507409,34.6725,21.175447151878576,608.5922349358558,3,89.3787173137369,Minor,0.6582434157366462,49.74074075775989
Wheat,Dec,2022,20.64692213,86.04410485,4.599263563,80.79613502,28.6425,13.897304987914154,1327.7441684334021,6,80.99041290146035,None,0.8532815102354508,40.40801484773164
Atta (Wheat),Jan,2022,24.8208388,79.27632795,7.692204651,111.1282919,32.775,26.357685421416864,1170.2385677761908,9,86.04436820670261,Major,0.7965350325746599,51.86234303444332
Atta (Wheat),Feb,2022,34.64357586,67.9518301,5.112843863,88.04022867,39.675,32.77884689524599,1959.6588249073077,8,87.93178768882304,Minor,0.759115669184987,60.006786402616996
Atta (Wheat),Mar,2022,21.08997713,77.48445111,3.451452634,92.70703087,32.775,12.280272532263483,1980.1735375994451,9,91.14793292621412,Major,0.7115383675024185,47.206210951037654
Atta (Wheat),Apr,2022,30.07568966,63.67678862,8.979532379,85.79154703,39.675,30.345301153282023,1886.456623530462,7,94.51146681076665,None,0.8523724354642546,58.97610385919909
Atta (Wheat),May,2022,31.3449295,79.36926778,6.903967906,88.69234986,39.675,25.522858541581336,831.9419095475898,8,92.12780560890116,Major,0.7057862026217643,60.23074264788008
Atta (Wheat),Jun,2022,31.7229334,61.19334444,3.129066279,112.3154268,39.675,48.34206208423523,1605.2217074877299,4,91.7744750535378,None,0.9009894602288744,64.32016167981138
Atta (Wheat),Jul,2022,15.69316869,88.7997293,9.187196829,84.70732677,37.95,33.93796059336152,1319.1956569448903,5,90.16803355066025,None,0.6681548077649246,57.13094859241336
Atta (Wheat),Aug,2022,22.0867601,89.40702891,6.328401986,89.45044184,32.775,13.833214418204918,585.8944387976806,7,99.63020216117368,Minor,0.7494074632233045,45.92128870165808
Atta (Wheat),Sep,2022,28.70691778,87.02084143,5.980125636,84.73471444,34.5,30.29904805146753,507.4195451669,4,82.26640792011627,Major,0.8942534364987893,55.25930447420787
Atta (Wheat),Oct,2022,21.10004353,80.35600731,8.783019366,80.01068854,32.775,20.096863998350706,1501.5664274027736,9,82.89909179401042,None,0.8426730021701412,47.6062053163283
Atta (Wheat),Nov,2022,33.77257572,79.15787628,8.943583491,111.7252978,39.675,49.473719809715256,1557.2373725834063,7,95.27061833804756,None,0.9109020484665148,65.01382827319586
Atta (Wheat),Dec,2022,27.22327524,86.79530294,5.781151406,106.9532666,34.5,46.76805522628755,773.9501189186597,3,97.18512979900117,None,0.7790941947358717,57.084279210639785
Gram Dal,Jan,2022,34.92706639,86.05027405,6.316236304,97.45175465,84.709,28.992847531740157,561.7320443220444,3,90.55103883891282,Minor,0.929378890706772,115.97999505420401
Gram Dal,Feb,2022,22.23878169,89.07406484,9.211832721,112.4642223,69.977,34.53424639727695,1175.9105801176431,7,95.45487461648614,Major,0.7184561366021058,102.11763962218485
Gram Dal,Mar,2022,21.57774505,66.63968409,8.533140554,82.00084802,69.977,11.22118310156123,1964.2503005319622,3,92.31991928635281,None,0.6997228264899167,89.18198517222001
Gram Dal,Apr,2022,30.48718524,88.68488984,6.172913698,89.72814087,84.709,22.056637884770808,1360.4942301586746,5,87.7166947171602,Major,0.7577128248047112,117.56350212911347
Gram Dal,May,2022,30.45581152,65.12855206,8.249605742,81.60313659,84.709,39.93367010677204,1806.7791019649699,3,86.08400239215452,Major,0.8222376678796901,123.1814892760689
Gram Dal,Jun,2022,24.828635,68.69353957,7.341746742,101.8154039,69.977,41.80924613728925,1506.0688303418788,9,86.64216930244586,None,0.7005237730669923,99.04712853586295
Gram Dal,Jul,2022,23.2584648,69.77088326,7.00353552,102.9532706,69.977,49.88998636753247,1248.0086261596266,7,97.72919973002722,Minor,0.6720926950649042,102.19029603687855
Gram Dal,Aug,2022,25.61162219,74.84429848,4.646995927,91.89211171,73.66,18.595803311946163,1056.7914018720123,5,97.62218819760321,Minor,0.8314059273084191,98.35185205605964
Gram Dal,Sep,2022,24.99512844,72.777173,4.208134004,86.1297907,69.977,13.192181144849311,1536.5671040520538,2,82.44528433206258,None,0.7797305957213618,90.30387963882185
Gram Dal,Oct,2022,19.94566888,70.97235304,7.940177039,103.3421819,81.026,18.30529102979643,1231.0450094982798,9,96.10935633091952,Major,0.9221698457471135,113.41836573368623
Gram Dal,Nov,2022,31.85130965,88.07033571,6.337383912,114.1752048,84.709,12.148900432131118,898.9973529951968,3,96.6573833480763,Minor,0.6317574874284103,108.34739623431973
Gram Dal,Dec,2022,21.42686014,69.79981259,6.465265364,92.68934334,69.977,42.264597592622074,1842.1860238074444,6,81.59203415266458,Minor,0.8578895848597369,100.95978907222711
Tur Dal,Jan,2022,33.16641388,63.16925472,3.61669618,119.078499,123.3835,12.429423496553028,1772.099474002117,3,93.54789392941696,None,0.7918665387658077,155.8760805036407
Tur Dal,Feb,2022,27.57259088,79.66569686,4.461636128,90.64755375,107.29,31.30822659077895,970.2815609249901,7,89.78898934295802,None,0.8196471076941054,142.61058896751317
Tur Dal,Mar,2022,25.59493435,87.48271773,4.09633792,88.76125048,107.29,49.23723240162555,1990.747101367098,8,92.13647106950992,Major,0.7144057449578218,154.806334244471
Tur Dal,Apr,2022,18.46809199,70.57283613,3.846679482,103.7710446,118.019,38.07751367497547,1658.8247481197209,7,89.67253108357893,None,0.7649070842335834,157.0752048669104
Tur Dal,May,2022,23.35663308,76.48902271,9.830489629,92.97718567,101.9255,35.63673815057088,545.9522412075668,8,98.9071352476277,None,0.7520299118074489,136.8096191773942
Tur Dal,Jun,2022,28.23159776,62.50073913,3.746337734,86.98183243,107.29,28.180423380356135,1272.562285999464,6,88.88567123477588,Major,0.8060517899611234,149.41132271825202
Tur Dal,Jul,2022,20.64459121,67.52704887,3.635573093,112.0027849,101.9255,41.88719341003714,1755.0500667508406,9,87.3658451712959,None,0.782726400492012,138.83849975075276
Tur Dal,Aug,2022,23.68034651,69.05018002,5.83933168,95.67279017,101.9255,17.49254400326958,820.3345041293802,4,94.06014681978195,Major,0.7777645510998801,138.81092809569776
Tur Dal,Sep,2022,27.37905666,79.22571101,6.425949878,110.7063943,107.29,41.63633748603921,1222.9367812034234,4,81.58216066095534,Major,0.6826642183410746,151.92324152914392
Tur Dal,Oct,2022,29.69951654,68.41764631,4.821543427,93.7320912,107.29,40.66928235893438,875.8747464495602,9,92.84713257511788,None,0.8611260147805274,146.08740146983337
Tur Dal,Nov,2022,22.29887269,84.72468335,5.896197586,101.3513836,101.9255,22.672911897421958,1890.3244744023484,4,98.36080009947172,Major,0.7642307201833708,140.01954720150033
Tur Dal,Dec,2022,22.05444219,85.34371539,8.048124399,91.05591569,101.9255,18.515499146196763,1006.5226636946754,2,80.77595495765226,Minor,0.6363834147926439,131.30408641800133
Urad Dal,Jan,2022,28.5023989,81.90643726,9.974325889,89.14068934,106.57,15.261752827711668,616.2524550177654,7,81.83297124268734,Minor,0.7804322646276846,138.14914145831122
Urad Dal,Feb,2022,32.09010954,84.08070421,9.877646657,100.7369597,122.5555,39.62126448586788,1256.3596780074504,2,90.60818582774102,Major,0.869252050552167,173.15466915704508
Urad Dal,Mar,2022,34.43158785,85.61326472,8.655633871,85.05723294,122.5555,26.9799919805144,1497.621142795752,4,99.7364817163315,None,0.6837261179708964,158.0623427132679
Urad Dal,Apr,2022,22.67118021,86.03471883,7.704274958,116.0946535,101.2415,24.8507091113746,680.9004288374789,9,81.35076361149872,Major,0.7791646316570022,140.65027589865238
Urad Dal,May,2022,17.28773966,80.86994033,9.430153355,112.1885371,117.227,45.78022889745243,1876.2414686694815,3,81.71251819519739,Minor,0.9279806763126921,161.62928322700546
Urad Dal,Jun,2022,23.47488677,62.16944578,9.319455841,97.38983485,101.2415,24.029053318035373,764.5556954002102,6,96.16576937552898,None,0.9199868704393503,133.9418635847524
Urad Dal,Jul,2022,18.54817014,69.99426135,6.684406316,96.56669305,117.227,26.766732932124505,643.5973088436069,2,98.39491524647555,Minor,0.8200697847398878,154.83177985630863
Urad Dal,Aug,2022,31.80349032,71.3089388,9.19047194,80.66273419,122.5555,33.95269278801344,1430.8785226370217,8,96.44680860098798,None,0.7074337972398553,160.853117618541
Urad Dal,Sep,2022,30.36833662,84.32443919,7.181644948,117.7242089,122.5555,16.257088104269158,1479.986506150641,8,90.17400654781072,Major,0.8872345596551321,166.92042514745378
Urad Dal,Oct,2022,34.81900036,63.69965855,3.725046168,84.7764457,122.5555,33.33093939911912,1195.637444232705,2,84.05767468364044,Major,0.7221729558353206,169.4673551118022
Urad Dal,Nov,2022,34.28513542,86.60409799,5.082995305,97.30722075,122.5555,49.78394483612854,1558.4776364963025,7,93.71169854933868,None,0.6421996474675982,164.67339036088484
Urad Dal,Dec,2022,21.84044417,61.3598569,9.719170003,90.71433926,101.2415,33.652306274786454,1868.7649858997527,8,91.23635708283707,None,0.822925749581825,135.81794214850908
Moong Dal,Jan,2022,26.02397396,85.32414581,8.482493963,94.90916083,102.63,42.98187513202174,1738.3187604054897,7,95.17237033343874,Minor,0.7886113335188711,141.44712545892975
Moong Dal,Feb,2022,25.45092861,61.93449367,4.932222451,115.0223294,102.63,24.709617521407033,1563.0957191724683,7,94.26526231624555,Minor,0.6043618987777856,134.1081801732184
Moong Dal,Mar,2022,15.42552805,65.22672175,8.660498476,111.352223,112.893,12.36922922800888,596.2664530157535,9,91.20706666758903,Minor,0.7435423552125321,144.94274378850173
Moong Dal,Apr,2022,26.84456755,66.31236849,6.83871451,111.1117955,102.63,24.754961963614676,1482.8565103959565,9,83.78851816459505,None,0.7372794545010557,134.14679910579642
Moong Dal,May,2022,19.23299905,81.56068408,3.727174389,97.94972375,112.893,21.47215806118881,1276.6942662635215,7,96.37511663271472,Major,0.913558885361774,156.03823656456768
Moong Dal,Jun,2022,25.51658548,86.43377897,7.014430708,80.32177312,102.63,44.333874694043246,757.1555383235788,2,98.68165653900766,Minor,0.7313203991342292,140.96624504167136
Moong Dal,Jul,2022,32.75499912,81.53445355,8.136940005,83.13714657,118.0245,38.20262916190651,659.6525300115778,5,87.98504058757254,Major,0.6659902676208367,164.8011651375325
Moong Dal,Aug,2022,24.51866971,67.02024129,5.095927173,97.05611936,97.4985,27.72733645223084,1464.1153843454922,8,88.22915496642965,Major,0.705672859022894,135.67358861579416
Moong Dal,Sep,2022,27.50804957,65.06592852,6.754346777,81.32029056,102.63,49.54907945618277,684.144369345771,5,85.96914005974068,Minor,0.8564453654462116,144.11049745864975
Moong Dal,Oct,2022,21.98961046,75.46681159,8.658085507,89.00499123,97.4985,15.634275078264013,1570.0494693268404,7,86.44705993203637,Minor,0.7671903984954662,126.67168702628292
Moong Dal,Nov,2022,20.66065345,65.13597911,7.064889109,80.03766444,97.4985,26.487754393884572,1171.242807531532,7,86.51130089187585,Major,0.921306857186092,137.36011086953272
Moong Dal,Dec,2022,15.84636592,72.07342579,7.52555616,114.7745659,112.893,44.12675722183859,1526.3787127238313,7,90.39589547986328,Minor,0.7309217789711167,153.94028550656523
Masoor Dal,Jan,2022,28.53393008,70.19722439,7.45102267,111.3102701,96.21,30.770292531735763,610.9221512250252,8,85.0827458781809,Minor,0.6906088606187017,129.1655252961055
Masoor Dal,Feb,2022,31.93041225,70.8957798,6.36240726,84.94644772,110.6415,47.10780178379041,895.5060542504018,4,96.96438612206958,None,0.7420200709748586,150.34623227174663
Masoor Dal,Mar,2022,17.69289592,67.92665023,8.195470379,117.2181183,105.831,45.11805029698173,1546.2537776278455,6,87.70256956632096,Major,0.9435854370658531,153.98675222693004
Masoor Dal,Apr,2022,19.10701429,68.8744882,8.22418605,108.401908,105.831,35.57464088759291,1560.7242522518377,5,98.67542342505764,None,0.725603381197004,140.79304369451108
Masoor Dal,May,2022,15.59373259,69.20987087,3.603951056,92.78611001,105.831,49.4649986894084,1217.0120705118916,2,88.74298464492198,Minor,0.7570094831422642,146.63383373073043
Masoor Dal,Jun,2022,20.97481749,85.32288476,6.983170534,104.7023282,91.3995,24.802588271978166,1222.8940472788017,2,83.90908685177632,None,0.8755364381422666,121.03384557021377
Masoor Dal,Jul,2022,33.54916615,79.39335616,4.70394985,87.86325785,110.6415,40.05029276251377,1465.6119392053602,4,98.45599688096304,Minor,0.866040798442892,151.14900223632642
Masoor Dal,Aug,2022,27.32771329,86.01384102,7.457438764,96.44935052,96.21,47.714803736714174,1100.7231223087579,5,83.2270405990933,Minor,0.6340615427500446,133.30409316024932
Masoor Dal,Sep,2022,17.36756382,83.3174544,5.063382585,116.0665877,105.831,20.372033524362564,1636.193879627896,6,94.10980138237187,Minor,0.8255958119240969,138.95601402063065
Masoor Dal,Oct,2022,20.88782967,65.27882488,4.415561817,89.2397577,91.3995,36.37876633667317,1003.7425468201367,6,86.35436174324428,Major,0.758377702667167,130.73833471774557
Masoor Dal,Nov,2022,30.47109156,78.49173732,5.285172512,100.0720945,110.6415,27.8008665711042,1506.4555519551204,2,90.8624513997184,None,0.7587394757958744,144.4077949091667
Masoor Dal,Dec,2022,27.01715699,87.82518006,4.671647315,102.1426723,96.21,42.118727397604864,1400.3303420073248,3,88.60151340832752,Major,0.7816710223644744,138.5661613271611
Groundnut Oil,Jan,2022,18.12240561,61.10218188,3.654805888,87.7112986,208.164,15.03419278154253,1414.3196267459268,6,81.92073776239917,None,0.6844226207590254,258.9860900585253
Groundnut Oil,Feb,2022,29.15521641,77.21401296,3.090530384,81.45674115,189.24,42.38344497798463,619.1943942610893,7,90.47305563684648,Major,0.6543892074796344,258.0295655603431
Groundnut Oil,Mar,2022,21.54890068,81.00520776,4.382896534,104.9041555,179.778,27.270936472931115,1674.7421140700499,2,97.07025039504715,Major,0.9353383857105493,245.63531432528498
Groundnut Oil,Apr,2022,28.77879941,87.85139611,8.433160327,91.12484153,189.24,25.645693285918647,564.3506433980817,2,94.74538059713801,Minor,0.9045653351228593,245.9055503298567
Groundnut Oil,May,2022,20.85110461,75.08497416,6.943058198,118.8295465,179.778,27.17965055058976,1701.587836341366,7,91.48061670260373,Major,0.6811135223824758,241.5237712056502
Groundnut Oil,Jun,2022,26.95414259,65.88254946,4.226246838,103.0233538,189.24,13.439764346264568,1356.7626555881384,4,96.4628095577544,None,0.8779139179341675,238.94491397008457
Groundnut Oil,Jul,2022,15.65957119,88.78538232,4.611016406,82.2160432,208.164,21.199618445852725,564.0301797485358,9,92.6103284744865,Minor,0.6124597994772374,262.9462631603558
Groundnut Oil,Aug,2022,16.89732125,76.55237662,4.918788444,90.52633011,208.164,29.65937188370784,865.2783659556984,3,97.29316964486819,Minor,0.614346321007393,264.8702344030068
Groundnut Oil,Sep,2022,25.75097667,71.03834065,7.634633264,105.6751159,189.24,39.26919045639874,1884.578258853084,9,83.56630339702245,Minor,0.6360540312564041,245.33047742774076
Groundnut Oil,Oct,2022,24.23290847,62.9906582,5.399172489,95.84876493,179.778,27.16721395345012,1202.329847981198,3,85.67800007198694,Major,0.650766544543635,240.66561600104336
Groundnut Oil,Nov,2022,15.72480567,85.11586437,8.529651544,86.3232438,208.164,25.76171497877015,1063.5597747310535,2,90.11566434437165,Major,0.854573294987466,281.04101557297844
Groundnut Oil,Dec,2022,23.53320103,88.35336174,3.7385761,113.4991201,179.778,17.36642093736853,1429.9989460306742,9,80.42393277370826,Major,0.6318406820861878,237.93171780557407
Mustard Oil,Jan,2022,20.14582499,74.01651407,6.149144198,90.25112061,172.881,48.15172935587918,1410.5214430012302,9,95.91606808300563,None,0.8101063808319854,228.42563874274944
Mustard Oil,Feb,2022,17.45814825,66.60070991,8.022615347,86.12314748,200.178,35.11102224530009,784.2049165485034,9,81.8725593641271,Minor,0.7299031913813682,259.6177006337605
Mustard Oil,Mar,2022,31.49722216,86.92635329,9.414693735,84.81248872,209.277,14.467213740604908,909.4660416639034,6,93.06557063729686,Major,0.9372724227483662,281.2771503513556
Mustard Oil,Apr,2022,23.9316288,80.10885616,8.246226477,82.68101469,172.881,36.00950335689712,1309.6842682584556,6,95.67749092991905,Minor,0.9376383188625832,229.30078041014053
Mustard Oil,May,2022,27.15315006,76.82709307,9.488019243,95.25815685,181.98,14.890641304009925,1700.8359726121882,2,92.77675721351584,Major,0.6800519157312009,240.16727509497716
Mustard Oil,Jun,2022,30.64600965,72.67436135,4.669135845,92.74204429,209.277,41.21111002862288,1355.8233038617295,5,91.11987008028476,Minor,0.8094406583963647,273.87628441965654
Mustard Oil,Jul,2022,32.59318925,76.87069387,4.183309381,87.8494362,209.277,44.3317637182529,558.0088761482518,6,95.9158944572598,Major,0.8252622424875151,287.966966814038
Mustard Oil,Aug,2022,24.18578837,86.21345888,4.310960167,94.41469842,172.881,17.31754667641728,1059.3433373190321,6,99.69246601465132,Major,0.7936286096026847,231.6324898001555
Mustard Oil,Sep,2022,15.78697327,83.5157406,4.492458255,96.32272451,200.178,26.560332306274965,1103.789143442768,6,92.41051624365139,None,0.8971862479881301,257.0503525125362
Mustard Oil,Oct,2022,33.64287696,89.36564426,3.349897203,110.4280638,209.277,27.649537353525965,1612.9550043827596,5,87.5495645579928,Major,0.603964296354429,278.0075031568348
Mustard Oil,Nov,2022,33.99208416,73.50422636,8.952463799,95.65089426,209.277,12.60136927346537,1684.0745359552195,7,80.73085896917041,Major,0.8690493268737354,279.21622076131774
Mustard Oil,Dec,2022,19.16819438,81.90672308,6.812917363,92.17106049,200.178,26.60970631352518,1482.2195109487388,6,84.27858639323274,None,0.6093778286477343,251.21598936976227
Vanaspati,Jan,2022,20.86958941,63.07046157,4.289713036,112.0453462,142.728,12.215587897424257,1041.348685059213,4,86.7718698321924,Minor,0.9094995342003898,183.64578938869903
Vanaspati,Feb,2022,23.65275087,80.1259064,5.457970857,108.6523413,142.728,20.57409259063983,634.6590212293827,5,82.00349983510631,None,0.7269219788255039,181.58071324207938
Vanaspati,Mar,2022,21.93356424,67.06269571,4.154484998,107.5667931,142.728,23.48893370652556,1670.911418193691,4,98.40931650039046,Minor,0.7862734648612884,185.16055571234173
Vanaspati,Apr,2022,33.94694466,65.99798052,8.690905894,80.82533972,172.776,21.118880167360146,1419.4110382493516,7,85.93746127888944,Minor,0.9286165371259342,224.60899311632355
Vanaspati,May,2022,17.24589055,73.59692339,6.885980419,109.0683974,165.264,45.44254279866288,768.5482661967917,6,84.77147770951902,Minor,0.6954817290581641,218.63257965003064
Vanaspati,Jun,2022,29.42642269,86.41584192,6.239460252,92.87874041,150.24,46.09665072218252,1014.2880430334161,4,81.79189514740594,Major,0.804918918101377,210.68592727632432
Vanaspati,Jul,2022,16.77193237,74.82505134,7.734596078,103.6229456,165.264,44.13321418846925,1492.6245180969165,7,84.76969734602956,Minor,0.9458357822373746,222.33241437050822
Vanaspati,Aug,2022,25.80153047,85.59615914,3.279483964,96.66578066,150.24,24.91030958598921,1692.3799794598488,9,98.0582015912143,None,0.610608015479012,190.53147900684831
Vanaspati,Sep,2022,28.78499562,74.98798929,7.562367966,110.457131,150.24,14.654604193497075,1252.7074985744835,5,82.51075095868386,Major,0.9280899673093411,203.15722955362781
Vanaspati,Oct,2022,20.03141453,84.94120157,6.527936184,107.5570575,142.728,13.955983504987648,1043.7090423469635,6,94.5932293514935,None,0.8062039466095626,180.7639307762231
Vanaspati,Nov,2022,34.31421566,79.36971795,6.76652144,91.8961039,172.776,10.84107896571,926.4242149887191,2,84.10572622543405,Minor,0.8273232790617981,219.37139812237152
Vanaspati,Dec,2022,26.31057958,61.23429596,3.083205209,119.5973082,150.24,38.79650537158379,539.9243704045415,6,88.05726074174864,Major,0.6686252431507977,206.75247828160443
Soya Oil,Jan,2022,33.76957807,63.21715418,5.230701168,84.42931906,182.1715,34.92700063304305,1742.6730623374556,8,86.2929286530751,None,0.9341177053166612,237.97319232583448
Soya Oil,Feb,2022,25.36249417,71.78838856,3.003356032,90.52183227,158.41,12.606417585795029,593.9339357759638,3,84.54263758079988,Major,0.6810372233300662,209.3305130997261
Soya Oil,Mar,2022,32.17546419,67.82997767,4.244266455,85.33021821,182.1715,33.92370538006027,782.2477813124258,8,80.54206584755664,Minor,0.6192060046225334,234.85144132363635
Soya Oil,Apr,2022,22.60637093,63.20440478,9.969036559,115.6561852,150.4895,32.66254378313814,615.8667875629508,8,94.4670530486136,Minor,0.7638350547110868,197.8324734035962
Soya Oil,May,2022,28.22801871,84.59502062,3.06822416,112.5219043,158.41,10.965231529572668,1271.743426889394,6,86.12281752740377,Major,0.8023767964880035,210.92710583295147
Soya Oil,Jun,2022,29.62876144,89.66788939,8.323835576,119.5097868,158.41,44.11084406242416,1670.8945956039329,7,91.9137867942549,None,0.7404096109449531,208.0372736267768
Soya Oil,Jul,2022,22.94862274,89.49883255,5.628818519,114.5097509,150.4895,30.024505890374797,1106.7675652045548,4,90.08088174979028,Major,0.6543730823530549,203.91838487437323
Soya Oil,Aug,2022,31.72419954,71.00997604,5.377562006,108.4551696,182.1715,25.54266763645827,1039.233307967303,2,82.17236162973194,Major,0.8747027077577176,247.27289010441712
Soya Oil,Sep,2022,21.31530414,73.76156733,4.461238153,95.95116167,150.4895,10.821102294046208,1809.5301837335019,2,90.57960036113184,None,0.6829012583369685,186.96016594365895
Soya Oil,Oct,2022,19.21126575,77.51246664,4.309280685,114.0368148,174.251,34.09379057400048,1439.408236225911,6,99.41595532864108,Minor,0.6936948627543156,226.17949681092813
Soya Oil,Nov,2022,25.14182708,89.75716113,6.177176647,82.87346737,158.41,42.28217025905448,1886.194502612862,8,95.97880565107698,Major,0.6066317043015494,217.31328321351126
Soya Oil,Dec,2022,18.74496298,66.82738968,6.729271232,95.66802316,174.251,32.69840398968131,708.1641410301708,9,86.20714376168273,Major,0.8378994259292885,239.15515537110136
Sunflower Oil,Jan,2022,33.38939857,64.43184115,6.672834774,92.95488269,204.93,22.435020309508758,1847.9787364197798,2,99.76075622158085,None,0.7471779379328058,258.091968961958
Sunflower Oil,Feb,2022,31.88818701,69.49487192,5.532087852,113.1282827,204.93,14.366035985784427,1834.2901882727533,3,85.0575799392599,None,0.7028135861568268,254.84279794910154
Sunflower Oil,Mar,2022,25.42507371,78.1707021,9.658938648,107.3968711,178.2,30.72872312957149,1356.2032120206882,2,82.44177893417982,None,0.8319118098239294,229.42570741593096
Sunflower Oil,Apr,2022,25.22172857,60.84668396,7.500395789,110.1091477,178.2,32.05935653900417,1459.8072310899806,3,90.71118694725416,Major,0.6240152977309936,239.57686490147046
Sunflower Oil,May,2022,16.21865224,74.83140579,7.137951949,84.42721738,196.02,43.406063695142294,1296.0410584838799,6,92.96878714495162,Major,0.8317284106487475,270.3301043831001
Sunflower Oil,Jun,2022,29.78380985,74.12583688,8.038136541,87.05350717,178.2,15.443347182199396,694.8719394861427,6,90.86194488801546,Major,0.8765881460924194,239.5461234474615
Sunflower Oil,Jul,2022,23.05678982,73.73043825,3.040877784,92.07777595,169.29,35.62741065740323,575.7326892205925,2,98.81374016664022,None,0.7253508558136649,218.2842619076963
Sunflower Oil,Aug,2022,15.44467892,78.79676011,3.368208,113.3050563,196.02,39.28569124175009,1185.489846126367,6,93.04220534847852,Major,0.9278232420103294,270.999863901209
Sunflower Oil,Sep,2022,29.00013071,63.57616648,4.497550838,106.4246233,178.2,15.423211671083067,1229.0697578200602,4,90.74785163039904,None,0.9379973492387053,226.9623840906402
Sunflower Oil,Oct,2022,33.17823523,65.2285981,3.453950784,113.3910931,204.93,31.06990949562522,512.9513336270397,9,95.21898461625078,None,0.7708121765299022,262.1269649925138
Sunflower Oil,Nov,2022,23.42598899,71.17178537,3.356209936,115.7009068,169.29,39.91344717303161,1414.870796780803,8,93.70366028118534,None,0.6915941030053655,219.4231120527529
Sunflower Oil,Dec,2022,17.45206893,77.04293514,8.921988074,113.2064059,196.02,21.317006213870236,1757.2712923179395,7,94.56914119058843,Major,0.7324647027242783,261.76777442028464
Palm Oil,Jan,2022,16.32411356,80.80965728,9.383115459,97.71200263,148.313,30.842896455846347,913.828587042024,7,93.15428579652873,None,0.7909947780722567,192.60126550006333
Palm Oil,Feb,2022,29.80191226,83.72886863,9.632198727,93.96941937,134.83,26.978058173841614,1222.744817249164,6,85.70678849282814,Minor,0.7707540184369919,176.4464551020279
Palm Oil,Mar,2022,17.06746033,79.45262544,7.266127284,83.41325272,148.313,14.770021360082875,1150.9335385360955,4,91.0531233136565,Minor,0.6066470951551198,186.91940944766225
Palm Oil,Apr,2022,19.84929572,69.45535998,7.737194809,110.4274532,148.313,39.580405392957545,764.0000154893429,8,80.0548014697984,Major,0.6143565015663738,203.83653439867544
Palm Oil,May,2022,33.03068264,64.99561378,9.292337644,92.67814424,155.0545,46.41143332155024,664.57858517457,5,93.14793733143055,Major,0.9189505203207171,219.02074003073412
Palm Oil,Jun,2022,34.57467572,85.36550489,8.78899993,110.2791302,155.0545,37.802016138830396,891.8654813692558,6,99.426505071512,Major,0.6577469527517262,212.45179649152675
Palm Oil,Jul,2022,31.57332624,84.98915924,6.777657236,108.2384192,155.0545,31.72447365541045,513.9958328164811,7,92.35095544307546,Major,0.6000159349122283,209.89834894120924
Palm Oil,Aug,2022,20.8929195,63.64847832,7.171006326,82.17475787,128.0885,34.7627771162478,1801.1558631684854,4,93.76569778173229,Minor,0.6281236934561211,168.2778951798387
Palm Oil,Sep,2022,29.68719272,82.89486294,4.301671884,86.45800954,134.83,31.65032463010283,1249.4496943043303,8,82.43732783863705,Minor,0.7676161402905319,177.9955818614652
Palm Oil,Oct,2022,24.93245025,69.27827202,4.455125466,110.220429,128.0885,48.48774383911376,1483.413317597816,6,89.4821033850348,Minor,0.6948047949489251,173.50661654107367
Palm Oil,Nov,2022,29.27688381,67.80217616,7.616632322,96.46703871,134.83,15.46918575711528,711.0144698011007,9,91.30372982379635,Major,0.8452458653111288,182.49870842990003
Palm Oil,Dec,2022,19.56004484,61.34138942,5.996759051,80.23180812,148.313,13.599367920295737,670.8941844296974,3,89.15467322429409,Minor,0.8142236877252609,189.64000432879888
Potato,Jan,2022,20.22028509,83.6756544,7.524724694,97.17196142,23.94,37.57463204788674,577.8027694073993,9,82.45365032667426,Major,0.7131202357301785,43.6142193803126
Potato,Feb,2022,16.30304114,60.86364252,9.206398456,92.91254053,27.72,14.466282416585274,1783.6998950061006,3,82.9453537458151,None,0.8977324452144286,39.174077114727474
Potato,Mar,2022,28.18142861,68.5890587,8.899970438,92.99187281,25.2,39.88758545779258,1305.9908185646805,5,89.13585608744107,Major,0.7403344459857569,45.474424061640114
Potato,Apr,2022,22.90523377,73.25392364,9.049029025,106.2705781,23.94,46.01569398861394,1759.97893515662,4,90.58588780627356,None,0.748212747583198,43.71081255897645
Potato,May,2022,18.04616505,80.85154579,7.403663431,81.66506421,27.72,43.381758048627155,1904.1499428795871,5,97.47070341165896,Minor,0.639133038447122,47.74538026370513
Potato,Jun,2022,26.75990813,74.55402296,5.128818702,95.20014234,25.2,46.915938135153894,1018.0931118463266,8,84.53381570534681,None,0.8946057806412789,46.43237010895094
Potato,Jul,2022,18.95981046,87.90093512,4.867313767,89.15819784,27.72,23.747268613765353,1350.8183343194523,7,91.11931570206112,None,0.8572459235811223,42.344981590985675
Potato,Aug,2022,18.04794704,79.25085831,6.804437045,87.35861801,27.72,26.401756657833502,1184.4102239228046,4,96.53427950529057,Major,0.7898135799444652,44.77480961542949
Potato,Sep,2022,15.41721135,82.02966929,5.002085925,118.8208312,27.72,11.184891950459246,997.4613726968075,6,86.11624656146178,Major,0.8076227312343847,40.48087989142232
Potato,Oct,2022,30.71545272,75.28440789,3.197330103,95.97952671,28.98,14.398437971348748,502.9711602427542,7,92.5456052463401,None,0.8289166018972308,41.186955879523765
Potato,Nov,2022,27.10323541,64.36185809,4.047623815,115.5384282,25.2,11.933263448196186,1215.5855608472975,5,94.31071593104149,Minor,0.8435396008599384,35.862047790353
Potato,Dec,2022,15.16364404,63.63421735,3.988049372,85.36850201,27.72,47.015134498476186,1088.8097269388202,8,99.87069147781305,None,0.6849113217868669,49.01315862536501
Onion,Jan,2022,21.28644177,83.64069731,6.844203077,80.73403428,26.6,33.44232401561304,1482.8870735875003,6,90.38335413208834,Major,0.8052911969141964,45.59876940495631
Onion,Feb,2022,16.84264476,67.40739194,6.191748942,119.3336218,30.8,20.144220872648248,1745.397006378661,6,83.02022997022777,Minor,0.6021514656058781,44.55534371954019
Onion,Mar,2022,17.91790275,85.32348733,6.546415829,93.6950003,30.8,32.0043671454013,713.7901557523212,5,97.24670624498717,None,0.9149193010140304,48.74237361896062
Onion,Apr,2022,29.90661875,89.39100347,5.92141028,86.92217346,28.0,23.52520832408315,1417.984532589325,2,85.18631387431135,None,0.6377610475736452,41.48747599472476
Onion,May,2022,24.70711567,76.34577917,7.012183081,94.81389897,26.6,17.317202434983315,1649.0462540938609,7,98.82137662806673,Major,0.8449281504021565,40.94609242468806
Onion,Jun,2022,19.92492148,82.38207031,6.627453291,86.76955103,30.8,18.74469639103396,1864.3391119945009,3,86.84372594306873,Major,0.8905691875582634,46.55375978150534
Onion,Jul,2022,21.24677575,72.15447714,9.375851166,105.7274867,26.6,11.74684230036263,1676.4418391419997,8,81.96479115252559,Minor,0.7360864861366283,37.45870156213261
Onion,Aug,2022,33.282688,65.60750481,6.57778673,81.19740359,32.2,28.700858312612304,1554.1357928249242,7,81.11135642501435,Major,0.6519650715762619,51.06542490033179
Onion,Sep,2022,27.66563516,60.88312256,3.118098449,88.93775058,28.0,19.381456462472823,1879.1097763035036,7,85.16850578339026,Major,0.7003682145753896,42.92739874296733
Onion,Oct,2022,18.07230989,76.03088704,9.086942685,92.86364017,30.8,13.316859953650347,1743.2725700795322,4,96.98708823724705,Major,0.691769093714288,44.45253291307507
Onion,Nov,2022,24.40095166,65.0249607,7.745639618,115.6558543,26.6,26.72953041679037,759.6253729292482,2,80.07643599663967,Major,0.9492179676133844,43.69696849829783
Onion,Dec,2022,23.24124347,68.1293346,4.384137685,112.4629404,26.6,12.946631251108807,832.1899357950305,4,82.5520305532598,None,0.6613210072467692,36.990493313279934
Tomato,Jan,2022,25.78721025,89.24121577,9.770800965,99.7864753,36.61,17.507500171664006,1340.0814678425745,7,88.75829669796633,Minor,0.6302522392388454,51.17537465083105
Tomato,Feb,2022,16.78551609,77.30218217,5.482094824,107.5200002,40.271,36.28804002245426,1491.9874754072077,4,97.39628825907025,None,0.8910500784587492,61.434106715004674
Tomato,Mar,2022,24.67600995,61.23732283,4.529716803,93.01516826,34.7795,37.38001000093855,923.6996258984541,8,85.25667931949727,Minor,0.8073283051767972,55.68311307307076
Tomato,Apr,2022,26.92883584,89.78934027,7.669270544,87.85052795,36.61,33.78396168913593,1864.3836663156385,5,99.33588239980244,None,0.7961355667188058,55.827467906834904
Tomato,May,2022,31.04065383,60.73727054,6.158591954,113.0850368,42.1015,14.015810363832287,1513.9669437907305,8,90.58947456943255,Minor,0.9040419330638156,58.09223357673431
Tomato,Jun,2022,34.65172235,65.86561407,3.541406555,111.8083803,42.1015,12.257521353830679,1413.8251671664186,3,83.14203097844553,None,0.8046292963405732,56.02353945117186
Tomato,Jul,2022,33.76397896,89.24910692,6.303554585,111.4706821,42.1015,17.326210395089458,1241.8195506801649,6,85.24316437330027,Minor,0.6019752271007598,57.660017457329026
Tomato,Aug,2022,34.36456048,71.78792632,8.371271849,102.2828327,42.1015,19.170416910994902,1722.4604569277153,2,81.56799822558611,Minor,0.6832257184610088,58.05371523782993
Tomato,Sep,2022,33.89427749,76.36554201,3.132440933,112.4460338,42.1015,32.89092070694139,547.9883242060253,8,96.90847861479027,Minor,0.9111579474487144,63.9874003976146
Tomato,Oct,2022,15.44074796,85.6840218,6.948970074,104.153117,40.271,13.973704860751322,1388.3014628939886,6,98.60843687881209,Major,0.8335839324665429,57.75126467540083
Tomato,Nov,2022,21.68885256,63.79413177,7.551587957,103.9546139,34.7795,28.740849802251248,1567.1387462999528,5,82.51309663586113,None,0.8518597902743579,52.291747593953886
Tomato,Dec,2022,15.23675202,89.42393292,8.561120337,100.9933185,40.271,26.307424298341235,526.1389046275106,3,96.94735823138225,None,0.8086166503427602,58.200450658519266
Sugar,Jan,2022,26.85774385,63.68789863,7.156596541,94.02457201,41.87,11.0673812594833,1279.367734575216,5,93.31242506096177,Major,0.8905321610427475,59.12371762680737
Sugar,Feb,2022,30.76746125,86.53733512,9.901496742,84.38268037,48.1505,29.832042902235223,501.6557336574946,5,99.28569372008286,Major,0.6605552892202402,72.06317950987912
Sugar,Mar,2022,16.8405878,84.95891127,4.946938698,80.49326978,46.057,24.12396310627015,707.2092889464442,6,96.55711844019726,Major,0.7720140577569108,68.21607289756305
Sugar,Apr,2022,26.04638261,68.48090854,5.474670753,114.253207,41.87,30.92003873467933,1754.744493396991,6,84.85156917636075,Minor,0.9327864482496677,62.7364669343103
Sugar,May,2022,19.49350139,77.38357686,7.437580792,106.505767,46.057,12.312444453350597,1337.6928921625354,2,86.13957058415856,Minor,0.7428180735740953,61.233006314909126
Sugar,Jun,2022,17.01120476,73.65624488,7.634278897,106.4282404,46.057,18.745754555848443,1390.7639717834436,5,94.04575819774587,None,0.7801210480263499,62.945195720589425
Sugar,Jul,2022,16.612953,70.2365038,4.489892654,90.96545402,46.057,30.28632264952662,1671.570861657892,8,89.17713601410917,Major,0.883389229792541,70.57379910220308
Sugar,Aug,2022,27.63357324,60.8334633,7.5043568,90.53546852,41.87,46.52056370972093,1924.4349576930044,9,91.90854063215201,None,0.8041394711031895,66.52657689783496
Sugar,Sep,2022,24.01821214,86.84287984,3.369934315,97.40464539,39.7765,33.639124341641406,1553.2428880059022,4,92.94945696717238,Major,0.7378379013181406,62.381586338520094
Sugar,Oct,2022,16.82422052,63.7185976,6.582609483,87.28774468,46.057,39.248785205376066,667.5857108009927,8,88.27761330435085,None,0.6897568592623592,69.1158980061138
Sugar,Nov,2022,31.9444706,87.42388629,7.041889339,107.0757069,48.1505,17.782816027265916,1410.506026554996,7,88.31907022299494,Minor,0.7974798614954277,66.22046011529682
Sugar,Dec,2022,21.36768245,74.15264042,8.912928908,89.74368587,39.7765,46.42875491092211,1942.1364817173412,6,92.32184156929779,Major,0.9038277891958175,67.00000504498185
Gur,Jan,2022,18.61405079,60.73999709,6.462990725,90.33140088,54.241,15.198323753184662,665.2137321373341,4,94.83683764227777,Minor,0.9407845573613056,73.66238415357479
Gur,Feb,2022,25.98154569,73.5566852,3.156901281,83.15557959,49.31,40.23084645651933,1675.5350921663255,8,93.55876374261001,Minor,0.8334915137106121,74.63058171824349
Gur,Mar,2022,33.67520678,65.33161629,9.641905215,90.60102828,56.7065,47.23810282480483,1445.623518174887,4,97.29181515274807,Major,0.7101322126504706,88.32061759820198
Gur,Apr,2022,32.76655722,66.15799815,5.090521868,96.51349225,56.7065,23.930453027910637,1923.4909696681939,5,92.57988597049456,Minor,0.8776467740481837,78.87320772265163
Gur,May,2022,25.93944014,75.3265099,5.678014723,92.17187373,49.31,43.81395535529875,857.8566554922397,4,91.13912738183038,Major,0.6645636072907164,77.59103711411444
Gur,Jun,2022,25.50585551,75.07184074,4.858889642,97.62719434,49.31,24.986892797801534,1475.107318629512,2,89.30956586305953,Minor,0.8708324012823263,69.67523529513231
Gur,Jul,2022,27.89465329,73.95530071,6.191250306,94.35809203,49.31,21.77383739394051,769.5721865524382,5,87.05485232064672,None,0.9223730935059258,68.66354078343036
Gur,Aug,2022,20.60672577,70.13520371,6.420779225,87.29408921,46.8445,35.82948374385683,629.2227941008381,5,85.90449194153506,Major,0.7681608126877063,72.6347807212441
Gur,Sep,2022,31.54962252,61.86205241,7.430867286,104.0072205,56.7065,27.13168828722852,1380.2793768710571,6,90.76574385926604,None,0.751866843922831,78.47564794507424
Gur,Oct,2022,27.34532662,85.20550431,9.877302691,101.7011781,49.31,47.94118787059455,517.9459877438405,9,87.3711262216799,Major,0.9257519689537217,80.67945681187294
Gur,Nov,2022,33.95946279,63.49579926,7.180828529,115.6209377,56.7065,21.54573438706262,648.3996263485557,3,87.99867483824073,Minor,0.7776460175423245,77.63886929248281
Gur,Dec,2022,25.65317592,62.87224501,5.972284698,89.4860068,49.31,37.927541689623126,770.5746510027236,5,97.840721560566,None,0.8029405626200006,72.93670857330648
Milk (Rs./Ltr),Jan,2022,32.55020967,60.19430811,9.895454597,116.3434626,60.7315,12.197872550496257,745.936470177282,4,85.95940620606558,Major,0.883009009983586,84.19784724940433
Milk (Rs./Ltr),Feb,2022,29.23926118,71.32437844,9.189058399,109.8439425,52.81,24.9764454941509,1444.600921189539,3,93.55260397541942,Minor,0.7048608194801733,73.29036235764528
Milk (Rs./Ltr),Mar,2022,30.12027832,67.11058051,9.077356116,103.2798129,60.7315,12.216028245936608,1288.692620747432,9,86.41173173653941,Minor,0.6385975894135243,79.46718399738305
Milk (Rs./Ltr),Apr,2022,15.79008614,70.84726968,4.461693686,118.8138588,58.091,35.191069038351685,569.3875775996348,5,81.39850018055115,Major,0.6867731604709488,86.6165499127482
Milk (Rs./Ltr),May,2022,24.30803981,70.34469216,6.40572776,110.0681185,50.1695,25.348891051522507,1800.1068846393696,3,97.89179959078513,Major,0.8796664703592145,73.96236383638372
Milk (Rs./Ltr),Jun,2022,28.00778931,76.00662938,4.884160228,94.11898627,52.81,16.776388601753748,843.3376748047219,6,84.89067621180466,None,0.9256465977541801,71.61142474262272
Milk (Rs./Ltr),Jul,2022,20.70069254,79.39533076,5.067980001,91.92123668,50.1695,48.24462698111713,1765.4699627680989,4,95.80582879958459,None,0.8265073287901604,76.9054737881547
Milk (Rs./Ltr),Aug,2022,33.63671664,62.68650295,8.26963304,95.3695728,60.7315,29.701054685831465,1185.2124259271548,2,90.03137407565718,None,0.6741487811730138,83.34375265205837
Milk (Rs./Ltr),Sep,2022,18.86857768,61.15673022,5.938349222,110.0384133,58.091,30.90989825251471,1744.3633490771836,2,97.40393550376379,None,0.7892130318818883,81.0594701326997
Milk (Rs./Ltr),Oct,2022,19.40863624,88.51277805,9.763867383,106.3371631,58.091,31.758770464544348,1703.2917895067485,5,86.77774825600976,Major,0.6800312501472514,85.32898393907635
Milk (Rs./Ltr),Nov,2022,25.26391552,80.48902979,5.260089335,105.1299864,52.81,16.334437441799075,958.3153312746499,7,92.46739053895826,Minor,0.6868005684046884,71.0980130538384
Milk (Rs./Ltr),Dec,2022,15.50808523,74.13564118,4.775019683,102.9910127,58.091,22.17614656415426,805.5296001412601,4,82.15514554812849,Minor,0.6225495597902513,78.70743841531778
Tea,Jan,2022,29.78441738,81.65152728,5.853866802,103.2026354,282.48,19.088224115729332,861.898471822165,7,91.37427612120051,Major,0.6048683282678404,369.9154694914462
Tea,Feb,2022,23.33337107,74.21191844,6.096981988,114.0910807,268.356,26.267194064062167,1761.4747109682592,9,97.6302508733778,None,0.9342948940319533,342.6560727116189
Tea,Mar,2022,22.25394437,72.66082622,7.44058393,94.36991253,268.356,23.16719327363062,1043.081594721958,5,96.29869304957742,None,0.6480191599614453,333.78537267178046
Tea,Apr,2022,19.9595444,76.62113752,5.842162057,113.0270783,310.728,10.370677566437596,1658.6216902220815,9,84.23085756345031,Major,0.6385706966432358,404.6898047608879
Tea,May,2022,21.85384991,76.64783209,9.007367663,108.1659243,268.356,49.63404136416871,1147.068155401806,6,93.6004814512117,None,0.8306260295696642,346.7009473794668
Tea,Jun,2022,17.71969557,73.88888747,4.863701135,80.73585595,310.728,25.311839190243425,1634.9674393459288,6,83.31427980877686,None,0.6351469578121146,385.4645240796213
Tea,Jul,2022,23.29502147,70.74384928,3.742557184,111.1103405,268.356,25.07905170022869,924.0878166803896,7,92.77683620181239,None,0.6577166912689807,334.83768524125304
Tea,Aug,2022,23.69187395,78.58489094,5.366097993,89.38711544,268.356,18.114430084929502,743.7127946180382,5,81.76214973833791,Major,0.6239732378020707,351.78902591152394
Tea,Sep,2022,15.4974099,79.8494254,7.523468108,103.220057,310.728,15.573260650189589,691.6714506794889,3,96.28447232941724,Major,0.7121576223901804,408.14860198242064
Tea,Oct,2022,28.54422853,82.75049008,3.213261831,88.03954257,282.48,45.10963716662871,898.0006946293438,6,90.30823223070448,None,0.6268957690769202,357.0493050442937
Tea,Nov,2022,33.1018674,82.86308325,4.470820216,110.6186676,324.852,19.797737381091043,554.13966311197,8,82.5083203297153,None,0.703554186671441,403.5871542270586
Tea,Dec,2022,28.76348913,69.67116186,8.58725322,84.09651957,282.48,49.13543573851234,967.1051780058724,3,84.88720984913023,Major,0.7497658825211675,382.59192715018423
Salt,Jan,2022,15.20527335,89.57439665,6.785508047,94.62899805,22.275,43.475562910838754,635.3888487286571,8,97.90803356820996,Minor,0.8954943282383281,42.20754177000909
Salt,Feb,2022,21.46106887,60.85545003,6.09831323,112.7587457,19.2375,38.937295143097735,1801.1808199767509,6,83.89329743131367,Minor,0.9205394641008695,36.629367619144986
Salt,Mar,2022,33.87972084,60.04121714,7.773728248,106.0910576,23.2875,12.794251875669982,1732.5330835596956,8,95.77443137384448,None,0.9206855055069534,33.76010196399914
Salt,Apr,2022,34.03023427,60.75912902,6.10071857,100.3899736,23.2875,15.737316519109314,1877.8274699256754,8,92.94589215551669,Minor,0.7158325530087702,34.48198085780011
Salt,May,2022,26.11155236,83.72483864,9.811337178,116.0601537,20.25,45.67697772618249,1963.302460665153,3,89.27948744681304,Minor,0.7843918427166712,39.32399553839319
Salt,Jun,2022,20.50421751,84.22373313,5.50758148,109.7164189,19.2375,20.63614390195871,1301.7746803047125,2,94.19283693335532,None,0.8298906499951394,30.39140462785485
Salt,Jul,2022,17.98914251,89.62533415,6.090405652,93.34824473,22.275,14.538405818044282,1158.7488305921222,4,93.75756223542234,Major,0.7086031970826201,33.93569694414953
Salt,Aug,2022,22.5600942,87.83608114,5.757926321,88.0802535,19.2375,42.6454343960634,1086.714834717894,4,81.65901366723023,Minor,0.7659536253118802,37.38396665907002
Salt,Sep,2022,15.38400614,65.85728723,6.076529267,98.79830076,22.275,29.554165705975134,1212.978380598554,9,86.7622907762572,Major,0.7754275186891546,39.067937269717305
Salt,Oct,2022,17.79770303,80.78806552,5.775091691,107.7120367,22.275,34.030668557250266,904.9462730266175,4,99.20931176699096,Major,0.9371263686712851,40.35134926643552
Salt,Nov,2022,34.80160468,68.92951704,5.477304485,86.22361273,23.2875,30.43943220306304,1014.817312898657,2,86.32637916062636,Major,0.7403508101077941,39.909635216118645
Salt,Dec,2022,23.93253318,73.86600892,4.536017582,113.7352233,19.2375,14.678219525146226,754.7096532151062,9,93.18914788168422,Minor,0.7755012755959424,29.595865727651066
